<?xml version="1.0" encoding="UTF-8"?>
<dataroot xmlns:od="urn:schemas-microsoft-com:officedata" xmlns:xsi="http://www.w3.org/2001/XMLSchema-instance"  xsi:noNamespaceSchemaLocation="Orders.xsd" generated="2015-04-19T10:52:41">
<Orders>
<Order_x0020_ID>30</Order_x0020_ID>
<Employee_x0020_ID>9</Employee_x0020_ID>
<Customer_x0020_ID>27</Customer_x0020_ID>
<Order_x0020_Date>2006-01-15T00:00:00</Order_x0020_Date>
<Shipped_x0020_Date>2006-01-22T00:00:00</Shipped_x0020_Date>
<Shipper_x0020_ID>2</Shipper_x0020_ID>
<Ship_x0020_Name>Karen Toh</Ship_x0020_Name>
<Ship_x0020_Address>789 27th Street</Ship_x0020_Address>
<Ship_x0020_City>Las Vegas</Ship_x0020_City>
<Ship_x0020_State_x002F_Province>NV</Ship_x0020_State_x002F_Province>
<Ship_x0020_ZIP_x002F_Postal_x0020_Code>99999</Ship_x0020_ZIP_x002F_Postal_x0020_Code>
<Ship_x0020_Country_x002F_Region>USA</Ship_x0020_Country_x002F_Region>
<Shipping_x0020_Fee>200</Shipping_x0020_Fee>
<Taxes>0</Taxes>
<Payment_x0020_Type>Check</Payment_x0020_Type>
<Paid_x0020_Date>2006-01-15T00:00:00</Paid_x0020_Date>
<Tax_x0020_Rate>0</Tax_x0020_Rate>
<Status_x0020_ID>3</Status_x0020_ID>
</Orders>
<Orders>
<Order_x0020_ID>31</Order_x0020_ID>
<Employee_x0020_ID>3</Employee_x0020_ID>
<Customer_x0020_ID>4</Customer_x0020_ID>
<Order_x0020_Date>2006-01-20T00:00:00</Order_x0020_Date>
<Shipped_x0020_Date>2006-01-22T00:00:00</Shipped_x0020_Date>
<Shipper_x0020_ID>1</Shipper_x0020_ID>
<Ship_x0020_Name>Christina Lee</Ship_x0020_Name>
<Ship_x0020_Address>123 4th Street</Ship_x0020_Address>
<Ship_x0020_City>New York</Ship_x0020_City>
<Ship_x0020_State_x002F_Province>NY</Ship_x0020_State_x002F_Province>
<Ship_x0020_ZIP_x002F_Postal_x0020_Code>99999</Ship_x0020_ZIP_x002F_Postal_x0020_Code>
<Ship_x0020_Country_x002F_Region>USA</Ship_x0020_Country_x002F_Region>
<Shipping_x0020_Fee>5</Shipping_x0020_Fee>
<Taxes>0</Taxes>
<Payment_x0020_Type>Credit Card</Payment_x0020_Type>
<Paid_x0020_Date>2006-01-20T00:00:00</Paid_x0020_Date>
<Tax_x0020_Rate>0</Tax_x0020_Rate>
<Status_x0020_ID>3</Status_x0020_ID>
</Orders>
<Orders>
<Order_x0020_ID>32</Order_x0020_ID>
<Employee_x0020_ID>4</Employee_x0020_ID>
<Customer_x0020_ID>12</Customer_x0020_ID>
<Order_x0020_Date>2006-01-22T00:00:00</Order_x0020_Date>
<Shipped_x0020_Date>2006-01-22T00:00:00</Shipped_x0020_Date>
<Shipper_x0020_ID>2</Shipper_x0020_ID>
<Ship_x0020_Name>John Edwards</Ship_x0020_Name>
<Ship_x0020_Address>123 12th Street</Ship_x0020_Address>
<Ship_x0020_City>Las Vegas</Ship_x0020_City>
<Ship_x0020_State_x002F_Province>NV</Ship_x0020_State_x002F_Province>
<Ship_x0020_ZIP_x002F_Postal_x0020_Code>99999</Ship_x0020_ZIP_x002F_Postal_x0020_Code>
<Ship_x0020_Country_x002F_Region>USA</Ship_x0020_Country_x002F_Region>
<Shipping_x0020_Fee>5</Shipping_x0020_Fee>
<Taxes>0</Taxes>
<Payment_x0020_Type>Credit Card</Payment_x0020_Type>
<Paid_x0020_Date>2006-01-22T00:00:00</Paid_x0020_Date>
<Tax_x0020_Rate>0</Tax_x0020_Rate>
<Status_x0020_ID>3</Status_x0020_ID>
</Orders>
<Orders>
<Order_x0020_ID>33</Order_x0020_ID>
<Employee_x0020_ID>6</Employee_x0020_ID>
<Customer_x0020_ID>8</Customer_x0020_ID>
<Order_x0020_Date>2006-01-30T00:00:00</Order_x0020_Date>
<Shipped_x0020_Date>2006-01-31T00:00:00</Shipped_x0020_Date>
<Shipper_x0020_ID>3</Shipper_x0020_ID>
<Ship_x0020_Name>Elizabeth Andersen</Ship_x0020_Name>
<Ship_x0020_Address>123 8th Street</Ship_x0020_Address>
<Ship_x0020_City>Portland</Ship_x0020_City>
<Ship_x0020_State_x002F_Province>OR</Ship_x0020_State_x002F_Province>
<Ship_x0020_ZIP_x002F_Postal_x0020_Code>99999</Ship_x0020_ZIP_x002F_Postal_x0020_Code>
<Ship_x0020_Country_x002F_Region>USA</Ship_x0020_Country_x002F_Region>
<Shipping_x0020_Fee>50</Shipping_x0020_Fee>
<Taxes>0</Taxes>
<Payment_x0020_Type>Credit Card</Payment_x0020_Type>
<Paid_x0020_Date>2006-01-30T00:00:00</Paid_x0020_Date>
<Tax_x0020_Rate>0</Tax_x0020_Rate>
<Status_x0020_ID>3</Status_x0020_ID>
</Orders>
<Orders>
<Order_x0020_ID>34</Order_x0020_ID>
<Employee_x0020_ID>9</Employee_x0020_ID>
<Customer_x0020_ID>4</Customer_x0020_ID>
<Order_x0020_Date>2006-02-06T00:00:00</Order_x0020_Date>
<Shipped_x0020_Date>2006-02-07T00:00:00</Shipped_x0020_Date>
<Shipper_x0020_ID>3</Shipper_x0020_ID>
<Ship_x0020_Name>Christina Lee</Ship_x0020_Name>
<Ship_x0020_Address>123 4th Street</Ship_x0020_Address>
<Ship_x0020_City>New York</Ship_x0020_City>
<Ship_x0020_State_x002F_Province>NY</Ship_x0020_State_x002F_Province>
<Ship_x0020_ZIP_x002F_Postal_x0020_Code>99999</Ship_x0020_ZIP_x002F_Postal_x0020_Code>
<Ship_x0020_Country_x002F_Region>USA</Ship_x0020_Country_x002F_Region>
<Shipping_x0020_Fee>4</Shipping_x0020_Fee>
<Taxes>0</Taxes>
<Payment_x0020_Type>Check</Payment_x0020_Type>
<Paid_x0020_Date>2006-02-06T00:00:00</Paid_x0020_Date>
<Tax_x0020_Rate>0</Tax_x0020_Rate>
<Status_x0020_ID>3</Status_x0020_ID>
</Orders>
<Orders>
<Order_x0020_ID>35</Order_x0020_ID>
<Employee_x0020_ID>3</Employee_x0020_ID>
<Customer_x0020_ID>29</Customer_x0020_ID>
<Order_x0020_Date>2006-02-10T00:00:00</Order_x0020_Date>
<Shipped_x0020_Date>2006-02-12T00:00:00</Shipped_x0020_Date>
<Shipper_x0020_ID>2</Shipper_x0020_ID>
<Ship_x0020_Name>Soo Jung Lee</Ship_x0020_Name>
<Ship_x0020_Address>789 29th Street</Ship_x0020_Address>
<Ship_x0020_City>Denver</Ship_x0020_City>
<Ship_x0020_State_x002F_Province>CO</Ship_x0020_State_x002F_Province>
<Ship_x0020_ZIP_x002F_Postal_x0020_Code>99999</Ship_x0020_ZIP_x002F_Postal_x0020_Code>
<Ship_x0020_Country_x002F_Region>USA</Ship_x0020_Country_x002F_Region>
<Shipping_x0020_Fee>7</Shipping_x0020_Fee>
<Taxes>0</Taxes>
<Payment_x0020_Type>Check</Payment_x0020_Type>
<Paid_x0020_Date>2006-02-10T00:00:00</Paid_x0020_Date>
<Tax_x0020_Rate>0</Tax_x0020_Rate>
<Status_x0020_ID>3</Status_x0020_ID>
</Orders>
<Orders>
<Order_x0020_ID>36</Order_x0020_ID>
<Employee_x0020_ID>4</Employee_x0020_ID>
<Customer_x0020_ID>3</Customer_x0020_ID>
<Order_x0020_Date>2006-02-23T00:00:00</Order_x0020_Date>
<Shipped_x0020_Date>2006-02-25T00:00:00</Shipped_x0020_Date>
<Shipper_x0020_ID>2</Shipper_x0020_ID>
<Ship_x0020_Name>Thomas Axen</Ship_x0020_Name>
<Ship_x0020_Address>123 3rd Street</Ship_x0020_Address>
<Ship_x0020_City>Los Angelas</Ship_x0020_City>
<Ship_x0020_State_x002F_Province>CA</Ship_x0020_State_x002F_Province>
<Ship_x0020_ZIP_x002F_Postal_x0020_Code>99999</Ship_x0020_ZIP_x002F_Postal_x0020_Code>
<Ship_x0020_Country_x002F_Region>USA</Ship_x0020_Country_x002F_Region>
<Shipping_x0020_Fee>7</Shipping_x0020_Fee>
<Taxes>0</Taxes>
<Payment_x0020_Type>Cash</Payment_x0020_Type>
<Paid_x0020_Date>2006-02-23T00:00:00</Paid_x0020_Date>
<Tax_x0020_Rate>0</Tax_x0020_Rate>
<Status_x0020_ID>3</Status_x0020_ID>
</Orders>
<Orders>
<Order_x0020_ID>37</Order_x0020_ID>
<Employee_x0020_ID>8</Employee_x0020_ID>
<Customer_x0020_ID>6</Customer_x0020_ID>
<Order_x0020_Date>2006-03-06T00:00:00</Order_x0020_Date>
<Shipped_x0020_Date>2006-03-09T00:00:00</Shipped_x0020_Date>
<Shipper_x0020_ID>2</Shipper_x0020_ID>
<Ship_x0020_Name>Francisco Pérez-Olaeta</Ship_x0020_Name>
<Ship_x0020_Address>123 6th Street</Ship_x0020_Address>
<Ship_x0020_City>Milwaukee</Ship_x0020_City>
<Ship_x0020_State_x002F_Province>WI</Ship_x0020_State_x002F_Province>
<Ship_x0020_ZIP_x002F_Postal_x0020_Code>99999</Ship_x0020_ZIP_x002F_Postal_x0020_Code>
<Ship_x0020_Country_x002F_Region>USA</Ship_x0020_Country_x002F_Region>
<Shipping_x0020_Fee>12</Shipping_x0020_Fee>
<Taxes>0</Taxes>
<Payment_x0020_Type>Credit Card</Payment_x0020_Type>
<Paid_x0020_Date>2006-03-06T00:00:00</Paid_x0020_Date>
<Tax_x0020_Rate>0</Tax_x0020_Rate>
<Status_x0020_ID>3</Status_x0020_ID>
</Orders>
<Orders>
<Order_x0020_ID>38</Order_x0020_ID>
<Employee_x0020_ID>9</Employee_x0020_ID>
<Customer_x0020_ID>28</Customer_x0020_ID>
<Order_x0020_Date>2006-03-10T00:00:00</Order_x0020_Date>
<Shipped_x0020_Date>2006-03-11T00:00:00</Shipped_x0020_Date>
<Shipper_x0020_ID>3</Shipper_x0020_ID>
<Ship_x0020_Name>Amritansh Raghav</Ship_x0020_Name>
<Ship_x0020_Address>789 28th Street</Ship_x0020_Address>
<Ship_x0020_City>Memphis</Ship_x0020_City>
<Ship_x0020_State_x002F_Province>TN</Ship_x0020_State_x002F_Province>
<Ship_x0020_ZIP_x002F_Postal_x0020_Code>99999</Ship_x0020_ZIP_x002F_Postal_x0020_Code>
<Ship_x0020_Country_x002F_Region>USA</Ship_x0020_Country_x002F_Region>
<Shipping_x0020_Fee>10</Shipping_x0020_Fee>
<Taxes>0</Taxes>
<Payment_x0020_Type>Check</Payment_x0020_Type>
<Paid_x0020_Date>2006-03-10T00:00:00</Paid_x0020_Date>
<Tax_x0020_Rate>0</Tax_x0020_Rate>
<Status_x0020_ID>3</Status_x0020_ID>
</Orders>
<Orders>
<Order_x0020_ID>39</Order_x0020_ID>
<Employee_x0020_ID>3</Employee_x0020_ID>
<Customer_x0020_ID>8</Customer_x0020_ID>
<Order_x0020_Date>2006-03-22T00:00:00</Order_x0020_Date>
<Shipped_x0020_Date>2006-03-24T00:00:00</Shipped_x0020_Date>
<Shipper_x0020_ID>3</Shipper_x0020_ID>
<Ship_x0020_Name>Elizabeth Andersen</Ship_x0020_Name>
<Ship_x0020_Address>123 8th Street</Ship_x0020_Address>
<Ship_x0020_City>Portland</Ship_x0020_City>
<Ship_x0020_State_x002F_Province>OR</Ship_x0020_State_x002F_Province>
<Ship_x0020_ZIP_x002F_Postal_x0020_Code>99999</Ship_x0020_ZIP_x002F_Postal_x0020_Code>
<Ship_x0020_Country_x002F_Region>USA</Ship_x0020_Country_x002F_Region>
<Shipping_x0020_Fee>5</Shipping_x0020_Fee>
<Taxes>0</Taxes>
<Payment_x0020_Type>Check</Payment_x0020_Type>
<Paid_x0020_Date>2006-03-22T00:00:00</Paid_x0020_Date>
<Tax_x0020_Rate>0</Tax_x0020_Rate>
<Status_x0020_ID>3</Status_x0020_ID>
</Orders>
<Orders>
<Order_x0020_ID>40</Order_x0020_ID>
<Employee_x0020_ID>4</Employee_x0020_ID>
<Customer_x0020_ID>10</Customer_x0020_ID>
<Order_x0020_Date>2006-03-24T00:00:00</Order_x0020_Date>
<Shipped_x0020_Date>2006-03-24T00:00:00</Shipped_x0020_Date>
<Shipper_x0020_ID>2</Shipper_x0020_ID>
<Ship_x0020_Name>Roland Wacker</Ship_x0020_Name>
<Ship_x0020_Address>123 10th Street</Ship_x0020_Address>
<Ship_x0020_City>Chicago</Ship_x0020_City>
<Ship_x0020_State_x002F_Province>IL</Ship_x0020_State_x002F_Province>
<Ship_x0020_ZIP_x002F_Postal_x0020_Code>99999</Ship_x0020_ZIP_x002F_Postal_x0020_Code>
<Ship_x0020_Country_x002F_Region>USA</Ship_x0020_Country_x002F_Region>
<Shipping_x0020_Fee>9</Shipping_x0020_Fee>
<Taxes>0</Taxes>
<Payment_x0020_Type>Credit Card</Payment_x0020_Type>
<Paid_x0020_Date>2006-03-24T00:00:00</Paid_x0020_Date>
<Tax_x0020_Rate>0</Tax_x0020_Rate>
<Status_x0020_ID>3</Status_x0020_ID>
</Orders>
<Orders>
<Order_x0020_ID>41</Order_x0020_ID>
<Employee_x0020_ID>1</Employee_x0020_ID>
<Customer_x0020_ID>7</Customer_x0020_ID>
<Order_x0020_Date>2006-03-24T00:00:00</Order_x0020_Date>
<Ship_x0020_Name>Ming-Yang Xie</Ship_x0020_Name>
<Ship_x0020_Address>123 7th Street</Ship_x0020_Address>
<Ship_x0020_City>Boise</Ship_x0020_City>
<Ship_x0020_State_x002F_Province>ID</Ship_x0020_State_x002F_Province>
<Ship_x0020_ZIP_x002F_Postal_x0020_Code>99999</Ship_x0020_ZIP_x002F_Postal_x0020_Code>
<Ship_x0020_Country_x002F_Region>USA</Ship_x0020_Country_x002F_Region>
<Shipping_x0020_Fee>0</Shipping_x0020_Fee>
<Taxes>0</Taxes>
<Tax_x0020_Rate>0</Tax_x0020_Rate>
<Status_x0020_ID>0</Status_x0020_ID>
</Orders>
<Orders>
<Order_x0020_ID>42</Order_x0020_ID>
<Employee_x0020_ID>1</Employee_x0020_ID>
<Customer_x0020_ID>10</Customer_x0020_ID>
<Order_x0020_Date>2006-03-24T00:00:00</Order_x0020_Date>
<Shipped_x0020_Date>2006-04-07T00:00:00</Shipped_x0020_Date>
<Shipper_x0020_ID>1</Shipper_x0020_ID>
<Ship_x0020_Name>Roland Wacker</Ship_x0020_Name>
<Ship_x0020_Address>123 10th Street</Ship_x0020_Address>
<Ship_x0020_City>Chicago</Ship_x0020_City>
<Ship_x0020_State_x002F_Province>IL</Ship_x0020_State_x002F_Province>
<Ship_x0020_ZIP_x002F_Postal_x0020_Code>99999</Ship_x0020_ZIP_x002F_Postal_x0020_Code>
<Ship_x0020_Country_x002F_Region>USA</Ship_x0020_Country_x002F_Region>
<Shipping_x0020_Fee>0</Shipping_x0020_Fee>
<Taxes>0</Taxes>
<Tax_x0020_Rate>0</Tax_x0020_Rate>
<Status_x0020_ID>2</Status_x0020_ID>
</Orders>
<Orders>
<Order_x0020_ID>43</Order_x0020_ID>
<Employee_x0020_ID>1</Employee_x0020_ID>
<Customer_x0020_ID>11</Customer_x0020_ID>
<Order_x0020_Date>2006-03-24T00:00:00</Order_x0020_Date>
<Shipper_x0020_ID>3</Shipper_x0020_ID>
<Ship_x0020_Name>Peter Krschne</Ship_x0020_Name>
<Ship_x0020_Address>123 11th Street</Ship_x0020_Address>
<Ship_x0020_City>Miami</Ship_x0020_City>
<Ship_x0020_State_x002F_Province>FL</Ship_x0020_State_x002F_Province>
<Ship_x0020_ZIP_x002F_Postal_x0020_Code>99999</Ship_x0020_ZIP_x002F_Postal_x0020_Code>
<Ship_x0020_Country_x002F_Region>USA</Ship_x0020_Country_x002F_Region>
<Shipping_x0020_Fee>0</Shipping_x0020_Fee>
<Taxes>0</Taxes>
<Tax_x0020_Rate>0</Tax_x0020_Rate>
<Status_x0020_ID>0</Status_x0020_ID>
</Orders>
<Orders>
<Order_x0020_ID>44</Order_x0020_ID>
<Employee_x0020_ID>1</Employee_x0020_ID>
<Customer_x0020_ID>1</Customer_x0020_ID>
<Order_x0020_Date>2006-03-24T00:00:00</Order_x0020_Date>
<Ship_x0020_Name>Anna Bedecs</Ship_x0020_Name>
<Ship_x0020_Address>123 1st Street</Ship_x0020_Address>
<Ship_x0020_City>Seattle</Ship_x0020_City>
<Ship_x0020_State_x002F_Province>WA</Ship_x0020_State_x002F_Province>
<Ship_x0020_ZIP_x002F_Postal_x0020_Code>99999</Ship_x0020_ZIP_x002F_Postal_x0020_Code>
<Ship_x0020_Country_x002F_Region>USA</Ship_x0020_Country_x002F_Region>
<Shipping_x0020_Fee>0</Shipping_x0020_Fee>
<Taxes>0</Taxes>
<Tax_x0020_Rate>0</Tax_x0020_Rate>
<Status_x0020_ID>0</Status_x0020_ID>
</Orders>
<Orders>
<Order_x0020_ID>45</Order_x0020_ID>
<Employee_x0020_ID>1</Employee_x0020_ID>
<Customer_x0020_ID>28</Customer_x0020_ID>
<Order_x0020_Date>2006-04-07T00:00:00</Order_x0020_Date>
<Shipped_x0020_Date>2006-04-07T00:00:00</Shipped_x0020_Date>
<Shipper_x0020_ID>3</Shipper_x0020_ID>
<Ship_x0020_Name>Amritansh Raghav</Ship_x0020_Name>
<Ship_x0020_Address>789 28th Street</Ship_x0020_Address>
<Ship_x0020_City>Memphis</Ship_x0020_City>
<Ship_x0020_State_x002F_Province>TN</Ship_x0020_State_x002F_Province>
<Ship_x0020_ZIP_x002F_Postal_x0020_Code>99999</Ship_x0020_ZIP_x002F_Postal_x0020_Code>
<Ship_x0020_Country_x002F_Region>USA</Ship_x0020_Country_x002F_Region>
<Shipping_x0020_Fee>40</Shipping_x0020_Fee>
<Taxes>0</Taxes>
<Payment_x0020_Type>Credit Card</Payment_x0020_Type>
<Paid_x0020_Date>2006-04-07T00:00:00</Paid_x0020_Date>
<Tax_x0020_Rate>0</Tax_x0020_Rate>
<Status_x0020_ID>3</Status_x0020_ID>
</Orders>
<Orders>
<Order_x0020_ID>46</Order_x0020_ID>
<Employee_x0020_ID>7</Employee_x0020_ID>
<Customer_x0020_ID>9</Customer_x0020_ID>
<Order_x0020_Date>2006-04-05T00:00:00</Order_x0020_Date>
<Shipped_x0020_Date>2006-04-05T00:00:00</Shipped_x0020_Date>
<Shipper_x0020_ID>1</Shipper_x0020_ID>
<Ship_x0020_Name>Sven Mortensen</Ship_x0020_Name>
<Ship_x0020_Address>123 9th Street</Ship_x0020_Address>
<Ship_x0020_City>Salt Lake City</Ship_x0020_City>
<Ship_x0020_State_x002F_Province>UT</Ship_x0020_State_x002F_Province>
<Ship_x0020_ZIP_x002F_Postal_x0020_Code>99999</Ship_x0020_ZIP_x002F_Postal_x0020_Code>
<Ship_x0020_Country_x002F_Region>USA</Ship_x0020_Country_x002F_Region>
<Shipping_x0020_Fee>100</Shipping_x0020_Fee>
<Taxes>0</Taxes>
<Payment_x0020_Type>Check</Payment_x0020_Type>
<Paid_x0020_Date>2006-04-05T00:00:00</Paid_x0020_Date>
<Tax_x0020_Rate>0</Tax_x0020_Rate>
<Status_x0020_ID>3</Status_x0020_ID>
</Orders>
<Orders>
<Order_x0020_ID>47</Order_x0020_ID>
<Employee_x0020_ID>6</Employee_x0020_ID>
<Customer_x0020_ID>6</Customer_x0020_ID>
<Order_x0020_Date>2006-04-08T00:00:00</Order_x0020_Date>
<Shipped_x0020_Date>2006-04-08T00:00:00</Shipped_x0020_Date>
<Shipper_x0020_ID>2</Shipper_x0020_ID>
<Ship_x0020_Name>Francisco Pérez-Olaeta</Ship_x0020_Name>
<Ship_x0020_Address>123 6th Street</Ship_x0020_Address>
<Ship_x0020_City>Milwaukee</Ship_x0020_City>
<Ship_x0020_State_x002F_Province>WI</Ship_x0020_State_x002F_Province>
<Ship_x0020_ZIP_x002F_Postal_x0020_Code>99999</Ship_x0020_ZIP_x002F_Postal_x0020_Code>
<Ship_x0020_Country_x002F_Region>USA</Ship_x0020_Country_x002F_Region>
<Shipping_x0020_Fee>300</Shipping_x0020_Fee>
<Taxes>0</Taxes>
<Payment_x0020_Type>Credit Card</Payment_x0020_Type>
<Paid_x0020_Date>2006-04-08T00:00:00</Paid_x0020_Date>
<Tax_x0020_Rate>0</Tax_x0020_Rate>
<Status_x0020_ID>3</Status_x0020_ID>
</Orders>
<Orders>
<Order_x0020_ID>48</Order_x0020_ID>
<Employee_x0020_ID>4</Employee_x0020_ID>
<Customer_x0020_ID>8</Customer_x0020_ID>
<Order_x0020_Date>2006-04-05T00:00:00</Order_x0020_Date>
<Shipped_x0020_Date>2006-04-05T00:00:00</Shipped_x0020_Date>
<Shipper_x0020_ID>2</Shipper_x0020_ID>
<Ship_x0020_Name>Elizabeth Andersen</Ship_x0020_Name>
<Ship_x0020_Address>123 8th Street</Ship_x0020_Address>
<Ship_x0020_City>Portland</Ship_x0020_City>
<Ship_x0020_State_x002F_Province>OR</Ship_x0020_State_x002F_Province>
<Ship_x0020_ZIP_x002F_Postal_x0020_Code>99999</Ship_x0020_ZIP_x002F_Postal_x0020_Code>
<Ship_x0020_Country_x002F_Region>USA</Ship_x0020_Country_x002F_Region>
<Shipping_x0020_Fee>50</Shipping_x0020_Fee>
<Taxes>0</Taxes>
<Payment_x0020_Type>Check</Payment_x0020_Type>
<Paid_x0020_Date>2006-04-05T00:00:00</Paid_x0020_Date>
<Tax_x0020_Rate>0</Tax_x0020_Rate>
<Status_x0020_ID>3</Status_x0020_ID>
</Orders>
<Orders>
<Order_x0020_ID>50</Order_x0020_ID>
<Employee_x0020_ID>9</Employee_x0020_ID>
<Customer_x0020_ID>25</Customer_x0020_ID>
<Order_x0020_Date>2006-04-05T00:00:00</Order_x0020_Date>
<Shipped_x0020_Date>2006-04-05T00:00:00</Shipped_x0020_Date>
<Shipper_x0020_ID>1</Shipper_x0020_ID>
<Ship_x0020_Name>John Rodman</Ship_x0020_Name>
<Ship_x0020_Address>789 25th Street</Ship_x0020_Address>
<Ship_x0020_City>Chicago</Ship_x0020_City>
<Ship_x0020_State_x002F_Province>IL</Ship_x0020_State_x002F_Province>
<Ship_x0020_ZIP_x002F_Postal_x0020_Code>99999</Ship_x0020_ZIP_x002F_Postal_x0020_Code>
<Ship_x0020_Country_x002F_Region>USA</Ship_x0020_Country_x002F_Region>
<Shipping_x0020_Fee>5</Shipping_x0020_Fee>
<Taxes>0</Taxes>
<Payment_x0020_Type>Cash</Payment_x0020_Type>
<Paid_x0020_Date>2006-04-05T00:00:00</Paid_x0020_Date>
<Tax_x0020_Rate>0</Tax_x0020_Rate>
<Status_x0020_ID>3</Status_x0020_ID>
</Orders>
<Orders>
<Order_x0020_ID>51</Order_x0020_ID>
<Employee_x0020_ID>9</Employee_x0020_ID>
<Customer_x0020_ID>26</Customer_x0020_ID>
<Order_x0020_Date>2006-04-05T00:00:00</Order_x0020_Date>
<Shipped_x0020_Date>2006-04-05T00:00:00</Shipped_x0020_Date>
<Shipper_x0020_ID>3</Shipper_x0020_ID>
<Ship_x0020_Name>Run Liu</Ship_x0020_Name>
<Ship_x0020_Address>789 26th Street</Ship_x0020_Address>
<Ship_x0020_City>Miami</Ship_x0020_City>
<Ship_x0020_State_x002F_Province>FL</Ship_x0020_State_x002F_Province>
<Ship_x0020_ZIP_x002F_Postal_x0020_Code>99999</Ship_x0020_ZIP_x002F_Postal_x0020_Code>
<Ship_x0020_Country_x002F_Region>USA</Ship_x0020_Country_x002F_Region>
<Shipping_x0020_Fee>60</Shipping_x0020_Fee>
<Taxes>0</Taxes>
<Payment_x0020_Type>Credit Card</Payment_x0020_Type>
<Paid_x0020_Date>2006-04-05T00:00:00</Paid_x0020_Date>
<Tax_x0020_Rate>0</Tax_x0020_Rate>
<Status_x0020_ID>3</Status_x0020_ID>
</Orders>
<Orders>
<Order_x0020_ID>55</Order_x0020_ID>
<Employee_x0020_ID>1</Employee_x0020_ID>
<Customer_x0020_ID>29</Customer_x0020_ID>
<Order_x0020_Date>2006-04-05T00:00:00</Order_x0020_Date>
<Shipped_x0020_Date>2006-04-05T00:00:00</Shipped_x0020_Date>
<Shipper_x0020_ID>2</Shipper_x0020_ID>
<Ship_x0020_Name>Soo Jung Lee</Ship_x0020_Name>
<Ship_x0020_Address>789 29th Street</Ship_x0020_Address>
<Ship_x0020_City>Denver</Ship_x0020_City>
<Ship_x0020_State_x002F_Province>CO</Ship_x0020_State_x002F_Province>
<Ship_x0020_ZIP_x002F_Postal_x0020_Code>99999</Ship_x0020_ZIP_x002F_Postal_x0020_Code>
<Ship_x0020_Country_x002F_Region>USA</Ship_x0020_Country_x002F_Region>
<Shipping_x0020_Fee>200</Shipping_x0020_Fee>
<Taxes>0</Taxes>
<Payment_x0020_Type>Check</Payment_x0020_Type>
<Paid_x0020_Date>2006-04-05T00:00:00</Paid_x0020_Date>
<Tax_x0020_Rate>0</Tax_x0020_Rate>
<Status_x0020_ID>3</Status_x0020_ID>
</Orders>
<Orders>
<Order_x0020_ID>56</Order_x0020_ID>
<Employee_x0020_ID>2</Employee_x0020_ID>
<Customer_x0020_ID>6</Customer_x0020_ID>
<Order_x0020_Date>2006-04-03T00:00:00</Order_x0020_Date>
<Shipped_x0020_Date>2006-04-03T00:00:00</Shipped_x0020_Date>
<Shipper_x0020_ID>3</Shipper_x0020_ID>
<Ship_x0020_Name>Francisco Pérez-Olaeta</Ship_x0020_Name>
<Ship_x0020_Address>123 6th Street</Ship_x0020_Address>
<Ship_x0020_City>Milwaukee</Ship_x0020_City>
<Ship_x0020_State_x002F_Province>WI</Ship_x0020_State_x002F_Province>
<Ship_x0020_ZIP_x002F_Postal_x0020_Code>99999</Ship_x0020_ZIP_x002F_Postal_x0020_Code>
<Ship_x0020_Country_x002F_Region>USA</Ship_x0020_Country_x002F_Region>
<Shipping_x0020_Fee>0</Shipping_x0020_Fee>
<Taxes>0</Taxes>
<Payment_x0020_Type>Check</Payment_x0020_Type>
<Paid_x0020_Date>2006-04-03T00:00:00</Paid_x0020_Date>
<Tax_x0020_Rate>0</Tax_x0020_Rate>
<Status_x0020_ID>3</Status_x0020_ID>
</Orders>
<Orders>
<Order_x0020_ID>57</Order_x0020_ID>
<Employee_x0020_ID>9</Employee_x0020_ID>
<Customer_x0020_ID>27</Customer_x0020_ID>
<Order_x0020_Date>2006-04-22T00:00:00</Order_x0020_Date>
<Shipped_x0020_Date>2006-04-22T00:00:00</Shipped_x0020_Date>
<Shipper_x0020_ID>2</Shipper_x0020_ID>
<Ship_x0020_Name>Karen Toh</Ship_x0020_Name>
<Ship_x0020_Address>789 27th Street</Ship_x0020_Address>
<Ship_x0020_City>Las Vegas</Ship_x0020_City>
<Ship_x0020_State_x002F_Province>NV</Ship_x0020_State_x002F_Province>
<Ship_x0020_ZIP_x002F_Postal_x0020_Code>99999</Ship_x0020_ZIP_x002F_Postal_x0020_Code>
<Ship_x0020_Country_x002F_Region>USA</Ship_x0020_Country_x002F_Region>
<Shipping_x0020_Fee>200</Shipping_x0020_Fee>
<Taxes>0</Taxes>
<Payment_x0020_Type>Check</Payment_x0020_Type>
<Paid_x0020_Date>2006-04-22T00:00:00</Paid_x0020_Date>
<Tax_x0020_Rate>0</Tax_x0020_Rate>
<Status_x0020_ID>0</Status_x0020_ID>
</Orders>
<Orders>
<Order_x0020_ID>58</Order_x0020_ID>
<Employee_x0020_ID>3</Employee_x0020_ID>
<Customer_x0020_ID>4</Customer_x0020_ID>
<Order_x0020_Date>2006-04-22T00:00:00</Order_x0020_Date>
<Shipped_x0020_Date>2006-04-22T00:00:00</Shipped_x0020_Date>
<Shipper_x0020_ID>1</Shipper_x0020_ID>
<Ship_x0020_Name>Christina Lee</Ship_x0020_Name>
<Ship_x0020_Address>123 4th Street</Ship_x0020_Address>
<Ship_x0020_City>New York</Ship_x0020_City>
<Ship_x0020_State_x002F_Province>NY</Ship_x0020_State_x002F_Province>
<Ship_x0020_ZIP_x002F_Postal_x0020_Code>99999</Ship_x0020_ZIP_x002F_Postal_x0020_Code>
<Ship_x0020_Country_x002F_Region>USA</Ship_x0020_Country_x002F_Region>
<Shipping_x0020_Fee>5</Shipping_x0020_Fee>
<Taxes>0</Taxes>
<Payment_x0020_Type>Credit Card</Payment_x0020_Type>
<Paid_x0020_Date>2006-04-22T00:00:00</Paid_x0020_Date>
<Tax_x0020_Rate>0</Tax_x0020_Rate>
<Status_x0020_ID>3</Status_x0020_ID>
</Orders>
<Orders>
<Order_x0020_ID>59</Order_x0020_ID>
<Employee_x0020_ID>4</Employee_x0020_ID>
<Customer_x0020_ID>12</Customer_x0020_ID>
<Order_x0020_Date>2006-04-22T00:00:00</Order_x0020_Date>
<Shipped_x0020_Date>2006-04-22T00:00:00</Shipped_x0020_Date>
<Shipper_x0020_ID>2</Shipper_x0020_ID>
<Ship_x0020_Name>John Edwards</Ship_x0020_Name>
<Ship_x0020_Address>123 12th Street</Ship_x0020_Address>
<Ship_x0020_City>Las Vegas</Ship_x0020_City>
<Ship_x0020_State_x002F_Province>NV</Ship_x0020_State_x002F_Province>
<Ship_x0020_ZIP_x002F_Postal_x0020_Code>99999</Ship_x0020_ZIP_x002F_Postal_x0020_Code>
<Ship_x0020_Country_x002F_Region>USA</Ship_x0020_Country_x002F_Region>
<Shipping_x0020_Fee>5</Shipping_x0020_Fee>
<Taxes>0</Taxes>
<Payment_x0020_Type>Credit Card</Payment_x0020_Type>
<Paid_x0020_Date>2006-04-22T00:00:00</Paid_x0020_Date>
<Tax_x0020_Rate>0</Tax_x0020_Rate>
<Status_x0020_ID>0</Status_x0020_ID>
</Orders>
<Orders>
<Order_x0020_ID>60</Order_x0020_ID>
<Employee_x0020_ID>6</Employee_x0020_ID>
<Customer_x0020_ID>8</Customer_x0020_ID>
<Order_x0020_Date>2006-04-30T00:00:00</Order_x0020_Date>
<Shipped_x0020_Date>2006-04-30T00:00:00</Shipped_x0020_Date>
<Shipper_x0020_ID>3</Shipper_x0020_ID>
<Ship_x0020_Name>Elizabeth Andersen</Ship_x0020_Name>
<Ship_x0020_Address>123 8th Street</Ship_x0020_Address>
<Ship_x0020_City>Portland</Ship_x0020_City>
<Ship_x0020_State_x002F_Province>OR</Ship_x0020_State_x002F_Province>
<Ship_x0020_ZIP_x002F_Postal_x0020_Code>99999</Ship_x0020_ZIP_x002F_Postal_x0020_Code>
<Ship_x0020_Country_x002F_Region>USA</Ship_x0020_Country_x002F_Region>
<Shipping_x0020_Fee>50</Shipping_x0020_Fee>
<Taxes>0</Taxes>
<Payment_x0020_Type>Credit Card</Payment_x0020_Type>
<Paid_x0020_Date>2006-04-30T00:00:00</Paid_x0020_Date>
<Tax_x0020_Rate>0</Tax_x0020_Rate>
<Status_x0020_ID>3</Status_x0020_ID>
</Orders>
<Orders>
<Order_x0020_ID>61</Order_x0020_ID>
<Employee_x0020_ID>9</Employee_x0020_ID>
<Customer_x0020_ID>4</Customer_x0020_ID>
<Order_x0020_Date>2006-04-07T00:00:00</Order_x0020_Date>
<Shipped_x0020_Date>2006-04-07T00:00:00</Shipped_x0020_Date>
<Shipper_x0020_ID>3</Shipper_x0020_ID>
<Ship_x0020_Name>Christina Lee</Ship_x0020_Name>
<Ship_x0020_Address>123 4th Street</Ship_x0020_Address>
<Ship_x0020_City>New York</Ship_x0020_City>
<Ship_x0020_State_x002F_Province>NY</Ship_x0020_State_x002F_Province>
<Ship_x0020_ZIP_x002F_Postal_x0020_Code>99999</Ship_x0020_ZIP_x002F_Postal_x0020_Code>
<Ship_x0020_Country_x002F_Region>USA</Ship_x0020_Country_x002F_Region>
<Shipping_x0020_Fee>4</Shipping_x0020_Fee>
<Taxes>0</Taxes>
<Payment_x0020_Type>Check</Payment_x0020_Type>
<Paid_x0020_Date>2006-04-07T00:00:00</Paid_x0020_Date>
<Tax_x0020_Rate>0</Tax_x0020_Rate>
<Status_x0020_ID>0</Status_x0020_ID>
</Orders>
<Orders>
<Order_x0020_ID>62</Order_x0020_ID>
<Employee_x0020_ID>3</Employee_x0020_ID>
<Customer_x0020_ID>29</Customer_x0020_ID>
<Order_x0020_Date>2006-04-12T00:00:00</Order_x0020_Date>
<Shipped_x0020_Date>2006-04-12T00:00:00</Shipped_x0020_Date>
<Shipper_x0020_ID>2</Shipper_x0020_ID>
<Ship_x0020_Name>Soo Jung Lee</Ship_x0020_Name>
<Ship_x0020_Address>789 29th Street</Ship_x0020_Address>
<Ship_x0020_City>Denver</Ship_x0020_City>
<Ship_x0020_State_x002F_Province>CO</Ship_x0020_State_x002F_Province>
<Ship_x0020_ZIP_x002F_Postal_x0020_Code>99999</Ship_x0020_ZIP_x002F_Postal_x0020_Code>
<Ship_x0020_Country_x002F_Region>USA</Ship_x0020_Country_x002F_Region>
<Shipping_x0020_Fee>7</Shipping_x0020_Fee>
<Taxes>0</Taxes>
<Payment_x0020_Type>Check</Payment_x0020_Type>
<Paid_x0020_Date>2006-04-12T00:00:00</Paid_x0020_Date>
<Tax_x0020_Rate>0</Tax_x0020_Rate>
<Status_x0020_ID>0</Status_x0020_ID>
</Orders>
<Orders>
<Order_x0020_ID>63</Order_x0020_ID>
<Employee_x0020_ID>4</Employee_x0020_ID>
<Customer_x0020_ID>3</Customer_x0020_ID>
<Order_x0020_Date>2006-04-25T00:00:00</Order_x0020_Date>
<Shipped_x0020_Date>2006-04-25T00:00:00</Shipped_x0020_Date>
<Shipper_x0020_ID>2</Shipper_x0020_ID>
<Ship_x0020_Name>Thomas Axen</Ship_x0020_Name>
<Ship_x0020_Address>123 3rd Street</Ship_x0020_Address>
<Ship_x0020_City>Los Angelas</Ship_x0020_City>
<Ship_x0020_State_x002F_Province>CA</Ship_x0020_State_x002F_Province>
<Ship_x0020_ZIP_x002F_Postal_x0020_Code>99999</Ship_x0020_ZIP_x002F_Postal_x0020_Code>
<Ship_x0020_Country_x002F_Region>USA</Ship_x0020_Country_x002F_Region>
<Shipping_x0020_Fee>7</Shipping_x0020_Fee>
<Taxes>0</Taxes>
<Payment_x0020_Type>Cash</Payment_x0020_Type>
<Paid_x0020_Date>2006-04-25T00:00:00</Paid_x0020_Date>
<Tax_x0020_Rate>0</Tax_x0020_Rate>
<Status_x0020_ID>3</Status_x0020_ID>
</Orders>
<Orders>
<Order_x0020_ID>64</Order_x0020_ID>
<Employee_x0020_ID>8</Employee_x0020_ID>
<Customer_x0020_ID>6</Customer_x0020_ID>
<Order_x0020_Date>2006-05-09T00:00:00</Order_x0020_Date>
<Shipped_x0020_Date>2006-05-09T00:00:00</Shipped_x0020_Date>
<Shipper_x0020_ID>2</Shipper_x0020_ID>
<Ship_x0020_Name>Francisco Pérez-Olaeta</Ship_x0020_Name>
<Ship_x0020_Address>123 6th Street</Ship_x0020_Address>
<Ship_x0020_City>Milwaukee</Ship_x0020_City>
<Ship_x0020_State_x002F_Province>WI</Ship_x0020_State_x002F_Province>
<Ship_x0020_ZIP_x002F_Postal_x0020_Code>99999</Ship_x0020_ZIP_x002F_Postal_x0020_Code>
<Ship_x0020_Country_x002F_Region>USA</Ship_x0020_Country_x002F_Region>
<Shipping_x0020_Fee>12</Shipping_x0020_Fee>
<Taxes>0</Taxes>
<Payment_x0020_Type>Credit Card</Payment_x0020_Type>
<Paid_x0020_Date>2006-05-09T00:00:00</Paid_x0020_Date>
<Tax_x0020_Rate>0</Tax_x0020_Rate>
<Status_x0020_ID>0</Status_x0020_ID>
</Orders>
<Orders>
<Order_x0020_ID>65</Order_x0020_ID>
<Employee_x0020_ID>9</Employee_x0020_ID>
<Customer_x0020_ID>28</Customer_x0020_ID>
<Order_x0020_Date>2006-05-11T00:00:00</Order_x0020_Date>
<Shipped_x0020_Date>2006-05-11T00:00:00</Shipped_x0020_Date>
<Shipper_x0020_ID>3</Shipper_x0020_ID>
<Ship_x0020_Name>Amritansh Raghav</Ship_x0020_Name>
<Ship_x0020_Address>789 28th Street</Ship_x0020_Address>
<Ship_x0020_City>Memphis</Ship_x0020_City>
<Ship_x0020_State_x002F_Province>TN</Ship_x0020_State_x002F_Province>
<Ship_x0020_ZIP_x002F_Postal_x0020_Code>99999</Ship_x0020_ZIP_x002F_Postal_x0020_Code>
<Ship_x0020_Country_x002F_Region>USA</Ship_x0020_Country_x002F_Region>
<Shipping_x0020_Fee>10</Shipping_x0020_Fee>
<Taxes>0</Taxes>
<Payment_x0020_Type>Check</Payment_x0020_Type>
<Paid_x0020_Date>2006-05-11T00:00:00</Paid_x0020_Date>
<Tax_x0020_Rate>0</Tax_x0020_Rate>
<Status_x0020_ID>0</Status_x0020_ID>
</Orders>
<Orders>
<Order_x0020_ID>66</Order_x0020_ID>
<Employee_x0020_ID>3</Employee_x0020_ID>
<Customer_x0020_ID>8</Customer_x0020_ID>
<Order_x0020_Date>2006-05-24T00:00:00</Order_x0020_Date>
<Shipped_x0020_Date>2006-05-24T00:00:00</Shipped_x0020_Date>
<Shipper_x0020_ID>3</Shipper_x0020_ID>
<Ship_x0020_Name>Elizabeth Andersen</Ship_x0020_Name>
<Ship_x0020_Address>123 8th Street</Ship_x0020_Address>
<Ship_x0020_City>Portland</Ship_x0020_City>
<Ship_x0020_State_x002F_Province>OR</Ship_x0020_State_x002F_Province>
<Ship_x0020_ZIP_x002F_Postal_x0020_Code>99999</Ship_x0020_ZIP_x002F_Postal_x0020_Code>
<Ship_x0020_Country_x002F_Region>USA</Ship_x0020_Country_x002F_Region>
<Shipping_x0020_Fee>5</Shipping_x0020_Fee>
<Taxes>0</Taxes>
<Payment_x0020_Type>Check</Payment_x0020_Type>
<Paid_x0020_Date>2006-05-24T00:00:00</Paid_x0020_Date>
<Tax_x0020_Rate>0</Tax_x0020_Rate>
<Status_x0020_ID>0</Status_x0020_ID>
</Orders>
<Orders>
<Order_x0020_ID>67</Order_x0020_ID>
<Employee_x0020_ID>4</Employee_x0020_ID>
<Customer_x0020_ID>10</Customer_x0020_ID>
<Order_x0020_Date>2006-05-24T00:00:00</Order_x0020_Date>
<Shipped_x0020_Date>2006-05-24T00:00:00</Shipped_x0020_Date>
<Shipper_x0020_ID>2</Shipper_x0020_ID>
<Ship_x0020_Name>Roland Wacker</Ship_x0020_Name>
<Ship_x0020_Address>123 10th Street</Ship_x0020_Address>
<Ship_x0020_City>Chicago</Ship_x0020_City>
<Ship_x0020_State_x002F_Province>IL</Ship_x0020_State_x002F_Province>
<Ship_x0020_ZIP_x002F_Postal_x0020_Code>99999</Ship_x0020_ZIP_x002F_Postal_x0020_Code>
<Ship_x0020_Country_x002F_Region>USA</Ship_x0020_Country_x002F_Region>
<Shipping_x0020_Fee>9</Shipping_x0020_Fee>
<Taxes>0</Taxes>
<Payment_x0020_Type>Credit Card</Payment_x0020_Type>
<Paid_x0020_Date>2006-05-24T00:00:00</Paid_x0020_Date>
<Tax_x0020_Rate>0</Tax_x0020_Rate>
<Status_x0020_ID>3</Status_x0020_ID>
</Orders>
<Orders>
<Order_x0020_ID>68</Order_x0020_ID>
<Employee_x0020_ID>1</Employee_x0020_ID>
<Customer_x0020_ID>7</Customer_x0020_ID>
<Order_x0020_Date>2006-05-24T00:00:00</Order_x0020_Date>
<Ship_x0020_Name>Ming-Yang Xie</Ship_x0020_Name>
<Ship_x0020_Address>123 7th Street</Ship_x0020_Address>
<Ship_x0020_City>Boise</Ship_x0020_City>
<Ship_x0020_State_x002F_Province>ID</Ship_x0020_State_x002F_Province>
<Ship_x0020_ZIP_x002F_Postal_x0020_Code>99999</Ship_x0020_ZIP_x002F_Postal_x0020_Code>
<Ship_x0020_Country_x002F_Region>USA</Ship_x0020_Country_x002F_Region>
<Shipping_x0020_Fee>0</Shipping_x0020_Fee>
<Taxes>0</Taxes>
<Tax_x0020_Rate>0</Tax_x0020_Rate>
<Status_x0020_ID>0</Status_x0020_ID>
</Orders>
<Orders>
<Order_x0020_ID>69</Order_x0020_ID>
<Employee_x0020_ID>1</Employee_x0020_ID>
<Customer_x0020_ID>10</Customer_x0020_ID>
<Order_x0020_Date>2006-05-24T00:00:00</Order_x0020_Date>
<Shipper_x0020_ID>1</Shipper_x0020_ID>
<Ship_x0020_Name>Roland Wacker</Ship_x0020_Name>
<Ship_x0020_Address>123 10th Street</Ship_x0020_Address>
<Ship_x0020_City>Chicago</Ship_x0020_City>
<Ship_x0020_State_x002F_Province>IL</Ship_x0020_State_x002F_Province>
<Ship_x0020_ZIP_x002F_Postal_x0020_Code>99999</Ship_x0020_ZIP_x002F_Postal_x0020_Code>
<Ship_x0020_Country_x002F_Region>USA</Ship_x0020_Country_x002F_Region>
<Shipping_x0020_Fee>0</Shipping_x0020_Fee>
<Taxes>0</Taxes>
<Tax_x0020_Rate>0</Tax_x0020_Rate>
<Status_x0020_ID>0</Status_x0020_ID>
</Orders>
<Orders>
<Order_x0020_ID>70</Order_x0020_ID>
<Employee_x0020_ID>1</Employee_x0020_ID>
<Customer_x0020_ID>11</Customer_x0020_ID>
<Order_x0020_Date>2006-05-24T00:00:00</Order_x0020_Date>
<Shipper_x0020_ID>3</Shipper_x0020_ID>
<Ship_x0020_Name>Peter Krschne</Ship_x0020_Name>
<Ship_x0020_Address>123 11th Street</Ship_x0020_Address>
<Ship_x0020_City>Miami</Ship_x0020_City>
<Ship_x0020_State_x002F_Province>FL</Ship_x0020_State_x002F_Province>
<Ship_x0020_ZIP_x002F_Postal_x0020_Code>99999</Ship_x0020_ZIP_x002F_Postal_x0020_Code>
<Ship_x0020_Country_x002F_Region>USA</Ship_x0020_Country_x002F_Region>
<Shipping_x0020_Fee>0</Shipping_x0020_Fee>
<Taxes>0</Taxes>
<Tax_x0020_Rate>0</Tax_x0020_Rate>
<Status_x0020_ID>0</Status_x0020_ID>
</Orders>
<Orders>
<Order_x0020_ID>71</Order_x0020_ID>
<Employee_x0020_ID>1</Employee_x0020_ID>
<Customer_x0020_ID>1</Customer_x0020_ID>
<Order_x0020_Date>2006-05-24T00:00:00</Order_x0020_Date>
<Shipper_x0020_ID>3</Shipper_x0020_ID>
<Ship_x0020_Name>Anna Bedecs</Ship_x0020_Name>
<Ship_x0020_Address>123 1st Street</Ship_x0020_Address>
<Ship_x0020_City>Seattle</Ship_x0020_City>
<Ship_x0020_State_x002F_Province>WA</Ship_x0020_State_x002F_Province>
<Ship_x0020_ZIP_x002F_Postal_x0020_Code>99999</Ship_x0020_ZIP_x002F_Postal_x0020_Code>
<Ship_x0020_Country_x002F_Region>USA</Ship_x0020_Country_x002F_Region>
<Shipping_x0020_Fee>0</Shipping_x0020_Fee>
<Taxes>0</Taxes>
<Tax_x0020_Rate>0</Tax_x0020_Rate>
<Status_x0020_ID>0</Status_x0020_ID>
</Orders>
<Orders>
<Order_x0020_ID>72</Order_x0020_ID>
<Employee_x0020_ID>1</Employee_x0020_ID>
<Customer_x0020_ID>28</Customer_x0020_ID>
<Order_x0020_Date>2006-06-07T00:00:00</Order_x0020_Date>
<Shipped_x0020_Date>2006-06-07T00:00:00</Shipped_x0020_Date>
<Shipper_x0020_ID>3</Shipper_x0020_ID>
<Ship_x0020_Name>Amritansh Raghav</Ship_x0020_Name>
<Ship_x0020_Address>789 28th Street</Ship_x0020_Address>
<Ship_x0020_City>Memphis</Ship_x0020_City>
<Ship_x0020_State_x002F_Province>TN</Ship_x0020_State_x002F_Province>
<Ship_x0020_ZIP_x002F_Postal_x0020_Code>99999</Ship_x0020_ZIP_x002F_Postal_x0020_Code>
<Ship_x0020_Country_x002F_Region>USA</Ship_x0020_Country_x002F_Region>
<Shipping_x0020_Fee>40</Shipping_x0020_Fee>
<Taxes>0</Taxes>
<Payment_x0020_Type>Credit Card</Payment_x0020_Type>
<Paid_x0020_Date>2006-06-07T00:00:00</Paid_x0020_Date>
<Tax_x0020_Rate>0</Tax_x0020_Rate>
<Status_x0020_ID>3</Status_x0020_ID>
</Orders>
<Orders>
<Order_x0020_ID>73</Order_x0020_ID>
<Employee_x0020_ID>7</Employee_x0020_ID>
<Customer_x0020_ID>9</Customer_x0020_ID>
<Order_x0020_Date>2006-06-05T00:00:00</Order_x0020_Date>
<Shipped_x0020_Date>2006-06-05T00:00:00</Shipped_x0020_Date>
<Shipper_x0020_ID>1</Shipper_x0020_ID>
<Ship_x0020_Name>Sven Mortensen</Ship_x0020_Name>
<Ship_x0020_Address>123 9th Street</Ship_x0020_Address>
<Ship_x0020_City>Salt Lake City</Ship_x0020_City>
<Ship_x0020_State_x002F_Province>UT</Ship_x0020_State_x002F_Province>
<Ship_x0020_ZIP_x002F_Postal_x0020_Code>99999</Ship_x0020_ZIP_x002F_Postal_x0020_Code>
<Ship_x0020_Country_x002F_Region>USA</Ship_x0020_Country_x002F_Region>
<Shipping_x0020_Fee>100</Shipping_x0020_Fee>
<Taxes>0</Taxes>
<Payment_x0020_Type>Check</Payment_x0020_Type>
<Paid_x0020_Date>2006-06-05T00:00:00</Paid_x0020_Date>
<Tax_x0020_Rate>0</Tax_x0020_Rate>
<Status_x0020_ID>3</Status_x0020_ID>
</Orders>
<Orders>
<Order_x0020_ID>74</Order_x0020_ID>
<Employee_x0020_ID>6</Employee_x0020_ID>
<Customer_x0020_ID>6</Customer_x0020_ID>
<Order_x0020_Date>2006-06-08T00:00:00</Order_x0020_Date>
<Shipped_x0020_Date>2006-06-08T00:00:00</Shipped_x0020_Date>
<Shipper_x0020_ID>2</Shipper_x0020_ID>
<Ship_x0020_Name>Francisco Pérez-Olaeta</Ship_x0020_Name>
<Ship_x0020_Address>123 6th Street</Ship_x0020_Address>
<Ship_x0020_City>Milwaukee</Ship_x0020_City>
<Ship_x0020_State_x002F_Province>WI</Ship_x0020_State_x002F_Province>
<Ship_x0020_ZIP_x002F_Postal_x0020_Code>99999</Ship_x0020_ZIP_x002F_Postal_x0020_Code>
<Ship_x0020_Country_x002F_Region>USA</Ship_x0020_Country_x002F_Region>
<Shipping_x0020_Fee>300</Shipping_x0020_Fee>
<Taxes>0</Taxes>
<Payment_x0020_Type>Credit Card</Payment_x0020_Type>
<Paid_x0020_Date>2006-06-08T00:00:00</Paid_x0020_Date>
<Tax_x0020_Rate>0</Tax_x0020_Rate>
<Status_x0020_ID>3</Status_x0020_ID>
</Orders>
<Orders>
<Order_x0020_ID>75</Order_x0020_ID>
<Employee_x0020_ID>4</Employee_x0020_ID>
<Customer_x0020_ID>8</Customer_x0020_ID>
<Order_x0020_Date>2006-06-05T00:00:00</Order_x0020_Date>
<Shipped_x0020_Date>2006-06-05T00:00:00</Shipped_x0020_Date>
<Shipper_x0020_ID>2</Shipper_x0020_ID>
<Ship_x0020_Name>Elizabeth Andersen</Ship_x0020_Name>
<Ship_x0020_Address>123 8th Street</Ship_x0020_Address>
<Ship_x0020_City>Portland</Ship_x0020_City>
<Ship_x0020_State_x002F_Province>OR</Ship_x0020_State_x002F_Province>
<Ship_x0020_ZIP_x002F_Postal_x0020_Code>99999</Ship_x0020_ZIP_x002F_Postal_x0020_Code>
<Ship_x0020_Country_x002F_Region>USA</Ship_x0020_Country_x002F_Region>
<Shipping_x0020_Fee>50</Shipping_x0020_Fee>
<Taxes>0</Taxes>
<Payment_x0020_Type>Check</Payment_x0020_Type>
<Paid_x0020_Date>2006-06-05T00:00:00</Paid_x0020_Date>
<Tax_x0020_Rate>0</Tax_x0020_Rate>
<Status_x0020_ID>3</Status_x0020_ID>
</Orders>
<Orders>
<Order_x0020_ID>76</Order_x0020_ID>
<Employee_x0020_ID>9</Employee_x0020_ID>
<Customer_x0020_ID>25</Customer_x0020_ID>
<Order_x0020_Date>2006-06-05T00:00:00</Order_x0020_Date>
<Shipped_x0020_Date>2006-06-05T00:00:00</Shipped_x0020_Date>
<Shipper_x0020_ID>1</Shipper_x0020_ID>
<Ship_x0020_Name>John Rodman</Ship_x0020_Name>
<Ship_x0020_Address>789 25th Street</Ship_x0020_Address>
<Ship_x0020_City>Chicago</Ship_x0020_City>
<Ship_x0020_State_x002F_Province>IL</Ship_x0020_State_x002F_Province>
<Ship_x0020_ZIP_x002F_Postal_x0020_Code>99999</Ship_x0020_ZIP_x002F_Postal_x0020_Code>
<Ship_x0020_Country_x002F_Region>USA</Ship_x0020_Country_x002F_Region>
<Shipping_x0020_Fee>5</Shipping_x0020_Fee>
<Taxes>0</Taxes>
<Payment_x0020_Type>Cash</Payment_x0020_Type>
<Paid_x0020_Date>2006-06-05T00:00:00</Paid_x0020_Date>
<Tax_x0020_Rate>0</Tax_x0020_Rate>
<Status_x0020_ID>3</Status_x0020_ID>
</Orders>
<Orders>
<Order_x0020_ID>77</Order_x0020_ID>
<Employee_x0020_ID>9</Employee_x0020_ID>
<Customer_x0020_ID>26</Customer_x0020_ID>
<Order_x0020_Date>2006-06-05T00:00:00</Order_x0020_Date>
<Shipped_x0020_Date>2006-06-05T00:00:00</Shipped_x0020_Date>
<Shipper_x0020_ID>3</Shipper_x0020_ID>
<Ship_x0020_Name>Run Liu</Ship_x0020_Name>
<Ship_x0020_Address>789 26th Street</Ship_x0020_Address>
<Ship_x0020_City>Miami</Ship_x0020_City>
<Ship_x0020_State_x002F_Province>FL</Ship_x0020_State_x002F_Province>
<Ship_x0020_ZIP_x002F_Postal_x0020_Code>99999</Ship_x0020_ZIP_x002F_Postal_x0020_Code>
<Ship_x0020_Country_x002F_Region>USA</Ship_x0020_Country_x002F_Region>
<Shipping_x0020_Fee>60</Shipping_x0020_Fee>
<Taxes>0</Taxes>
<Payment_x0020_Type>Credit Card</Payment_x0020_Type>
<Paid_x0020_Date>2006-06-05T00:00:00</Paid_x0020_Date>
<Tax_x0020_Rate>0</Tax_x0020_Rate>
<Status_x0020_ID>3</Status_x0020_ID>
</Orders>
<Orders>
<Order_x0020_ID>78</Order_x0020_ID>
<Employee_x0020_ID>1</Employee_x0020_ID>
<Customer_x0020_ID>29</Customer_x0020_ID>
<Order_x0020_Date>2006-06-05T00:00:00</Order_x0020_Date>
<Shipped_x0020_Date>2006-06-05T00:00:00</Shipped_x0020_Date>
<Shipper_x0020_ID>2</Shipper_x0020_ID>
<Ship_x0020_Name>Soo Jung Lee</Ship_x0020_Name>
<Ship_x0020_Address>789 29th Street</Ship_x0020_Address>
<Ship_x0020_City>Denver</Ship_x0020_City>
<Ship_x0020_State_x002F_Province>CO</Ship_x0020_State_x002F_Province>
<Ship_x0020_ZIP_x002F_Postal_x0020_Code>99999</Ship_x0020_ZIP_x002F_Postal_x0020_Code>
<Ship_x0020_Country_x002F_Region>USA</Ship_x0020_Country_x002F_Region>
<Shipping_x0020_Fee>200</Shipping_x0020_Fee>
<Taxes>0</Taxes>
<Payment_x0020_Type>Check</Payment_x0020_Type>
<Paid_x0020_Date>2006-06-05T00:00:00</Paid_x0020_Date>
<Tax_x0020_Rate>0</Tax_x0020_Rate>
<Status_x0020_ID>3</Status_x0020_ID>
</Orders>
<Orders>
<Order_x0020_ID>79</Order_x0020_ID>
<Employee_x0020_ID>2</Employee_x0020_ID>
<Customer_x0020_ID>6</Customer_x0020_ID>
<Order_x0020_Date>2006-06-23T00:00:00</Order_x0020_Date>
<Shipped_x0020_Date>2006-06-23T00:00:00</Shipped_x0020_Date>
<Shipper_x0020_ID>3</Shipper_x0020_ID>
<Ship_x0020_Name>Francisco Pérez-Olaeta</Ship_x0020_Name>
<Ship_x0020_Address>123 6th Street</Ship_x0020_Address>
<Ship_x0020_City>Milwaukee</Ship_x0020_City>
<Ship_x0020_State_x002F_Province>WI</Ship_x0020_State_x002F_Province>
<Ship_x0020_ZIP_x002F_Postal_x0020_Code>99999</Ship_x0020_ZIP_x002F_Postal_x0020_Code>
<Ship_x0020_Country_x002F_Region>USA</Ship_x0020_Country_x002F_Region>
<Shipping_x0020_Fee>0</Shipping_x0020_Fee>
<Taxes>0</Taxes>
<Payment_x0020_Type>Check</Payment_x0020_Type>
<Paid_x0020_Date>2006-06-23T00:00:00</Paid_x0020_Date>
<Tax_x0020_Rate>0</Tax_x0020_Rate>
<Status_x0020_ID>3</Status_x0020_ID>
</Orders>
<Orders>
<Order_x0020_ID>80</Order_x0020_ID>
<Employee_x0020_ID>2</Employee_x0020_ID>
<Customer_x0020_ID>4</Customer_x0020_ID>
<Order_x0020_Date>2006-04-25T17:03:55</Order_x0020_Date>
<Ship_x0020_Name>Christina Lee</Ship_x0020_Name>
<Ship_x0020_Address>123 4th Street</Ship_x0020_Address>
<Ship_x0020_City>New York</Ship_x0020_City>
<Ship_x0020_State_x002F_Province>NY</Ship_x0020_State_x002F_Province>
<Ship_x0020_ZIP_x002F_Postal_x0020_Code>99999</Ship_x0020_ZIP_x002F_Postal_x0020_Code>
<Ship_x0020_Country_x002F_Region>USA</Ship_x0020_Country_x002F_Region>
<Shipping_x0020_Fee>0</Shipping_x0020_Fee>
<Taxes>0</Taxes>
<Tax_x0020_Rate>0</Tax_x0020_Rate>
<Status_x0020_ID>0</Status_x0020_ID>
</Orders>
<Orders>
<Order_x0020_ID>81</Order_x0020_ID>
<Employee_x0020_ID>2</Employee_x0020_ID>
<Customer_x0020_ID>3</Customer_x0020_ID>
<Order_x0020_Date>2006-04-25T17:26:53</Order_x0020_Date>
<Ship_x0020_Name>Thomas Axen</Ship_x0020_Name>
<Ship_x0020_Address>123 3rd Street</Ship_x0020_Address>
<Ship_x0020_City>Los Angelas</Ship_x0020_City>
<Ship_x0020_State_x002F_Province>CA</Ship_x0020_State_x002F_Province>
<Ship_x0020_ZIP_x002F_Postal_x0020_Code>99999</Ship_x0020_ZIP_x002F_Postal_x0020_Code>
<Ship_x0020_Country_x002F_Region>USA</Ship_x0020_Country_x002F_Region>
<Shipping_x0020_Fee>0</Shipping_x0020_Fee>
<Taxes>0</Taxes>
<Tax_x0020_Rate>0</Tax_x0020_Rate>
<Status_x0020_ID>0</Status_x0020_ID>
</Orders>
</dataroot>
